{
    "preserved": {
        "accuracy": 0.4364871928907475,
        "cost": 0.2933811019525774,
        "threshold": [
            0.9696969696969697,
            0.686868686868687,
            0.686868686868687,
            0.7676767676767677
        ],
        "propotion": [
            1.0,
            1.0,
            0.9012023000522739,
            0.8823836905384214,
            0.8677469942498693
        ]
    },
    "optimized": {
        "accuracy": 0.3716675378985886,
        "cost": 0.0971023461639469,
        "threshold": [
            0.5151515151515152,
            0.15151515151515152,
            0.13131313131313133,
            0.48484848484848486
        ],
        "propotion": [
            1.0,
            0.8050182958703607,
            0.29639309984317824,
            0.167276529012023,
            0.16675378985886044
        ]
    }
}

0.42498693152117095,0.2413572592569496,
"[0.4141414141414142, 0.4545454545454546, 0.686868686868687, 0.42424242424242425]",
"[1.0, 0.8050182958703607, 0.7496079456351281, 0.7454260324098275, 0.6450601150026137]"


0.42498693152117095,0.22732419681420526,
"[0.5050505050505051, 0.5454545454545455, 0.4444444444444445, 0.42424242424242425]",
"[1.0, 0.8050182958703607, 0.7496079456351281, 0.6638787245164662, 0.6074228959749085]"