{
    "gpt2": {
        "accuracy": 0.31102979613173026,
        "cost": 0.0175604115098971
    },
    "gpt2-medium": {
        "accuracy": 0.3434396236278097,
        "cost": 0.03167048267326632
    },
    "gpt2-large": {
        "accuracy": 0.36069001568217457,
        "cost": 0.06034916460397077
    },
    "gpt2-xl": {
        "accuracy": 0.36330371144798745,
        "cost": 0.13408036819306507
    },
    "gpt-j-6B": {
        "accuracy": 0.4370099320439101,
        "cost": 0.32834320853960814
    }
}

