{
    "preserved": {
        "accuracy": 0.905473774474775,
        "cost": 1.3623054457612014,
        "threshold": [
            0.9393939393939394,
            0.9797979797979799
        ],
        "propotion": [
            1.0,
            0.6188080605973989,
            0.573903101329141
        ]
    },
    "optimized": {
        "accuracy": 0.8718879519794197,
        "cost": 0.3509016398603122,
        "threshold": [
            0.696969696969697,
            0.5757575757575758
        ],
        "propotion": [
            1.0,
            0.18965270830355868,
            0.02521080463055595
        ]
    }
}