{
    "preserved": {
        "accuracy": 0.905473774474775,
        "cost": 1.4146002746978084,
        "threshold": [
            1.0,
            0.98989898989899,
            0.9191919191919192
        ],
        "propotion": [
            1.0,
            1.0,
            0.798284979276833,
            0.5013005573817351
        ]
    },
    "optimized": {
        "accuracy": 0.8757467486065457,
        "cost": 0.4032890074397277,
        "threshold": [
            0.888888888888889,
            0.7070707070707072,
            0.7777777777777778
        ],
        "propotion": [
            1.0,
            0.6001715020723167,
            0.17747606116907247,
            0.0850936115478062
        ]
    }
}