{
    "t5-small-lm-adapt": {
        "accuracy": 0.7819922824067458,
        "cost": 0.05891692450497412
    },
    "t5-base-lm-adapt": {
        "accuracy": 0.8421037587537517,
        "cost": 0.2129362623762261
    },
    "t5-large-lm-adapt": {
        "accuracy": 0.8709732742603973,
        "cost": 0.5384101175742297
    },
    "t5-xl-lm-adapt": {
        "accuracy": 0.9062455338002001,
        "cost": 1.4221854888613836
    }
}