{
    "preserved": {
        "accuracy": 0.8225,
        "cost": 0.3890459356616156,
        "threshold": [
            0.787878787878788,
            0.696969696969697,
            0.5656565656565657
        ],
        "propotion": [
            1.0,
            0.40376666666666666,
            0.35413333333333336,
            0.1727
        ]
    },
    "optimized": {
        "accuracy": 0.8172666666666667,
        "cost": 0.2000674440439372,
        "threshold": [
            0.797979797979798,
            0.5353535353535354,
            0.4040404040404041
        ],
        "propotion": [
            1.0,
            0.40376666666666666,
            0.09353333333333333,
            0.04833333333333333
        ]
    }
}