{
    "vit-tiny-patch16-224": {
        "accuracy": 0.7438333333333333,
        "cost": 0.07421349009901221
    },
    "vit-small-patch16-224": {
        "accuracy": 0.8084666666666667,
        "cost": 0.13577227722772017
    },
    "vit-base-patch16-224": {
        "accuracy": 0.8114,
        "cost": 0.31118394183168574
    },
    "vit-large-patch16-224": {
        "accuracy": 0.8227333333333333,
        "cost": 0.8674668162128739
    }
}