{
    "t5-small-lm-adapt_sst2": {
        "threshold": 0.80479069854041,
        "temperature": 1.5723953247070312,
        "ensemble_pos": 0
    },
    "t5-base-lm-adapt_sst2": {
        "threshold": 0.8273653301771874,
        "temperature": 1.2898175716400146,
        "ensemble_pos": 1
    },
    "t5-large-lm-adapt_sst2": {
        "threshold": 0.676005527292437,
        "temperature": 1.2328674793243408,
        "ensemble_pos": 2
    },
    "t5-xl-lm-adapt_sst2": {
        "threshold": 0.0,
        "temperature": 1.3715057373046875,
        "ensemble_pos": 3
    },
    "t5_sst2_ensemble": {
        "ensembles": [
            "t5-small-lm-adapt_sst2",
            "t5-base-lm-adapt_sst2",
            "t5-large-lm-adapt_sst2",
            "t5-xl-lm-adapt_sst2"
        ],
        "weights": [
            1.0,
            0.6,
            0.6,
            1.0
        ]
    },
    "t5-small-lm-adapt_cola": {
        "threshold": 0.8124444331920475,
        "temperature": 2.2339532375335693,
        "ensemble_pos": 0
    },
    "t5-base-lm-adapt_cola": {
        "threshold": 0.8076554016577852,
        "temperature": 1.0298939943313599,
        "ensemble_pos": 1
    },
    "t5-large-lm-adapt_cola": {
        "threshold": 0.8323343232103867,
        "temperature": 0.6858645677566528,
        "ensemble_pos": 2
    },
    "t5-xl-lm-adapt_cola": {
        "threshold": 0.0,
        "temperature": 1.847919225692749,
        "ensemble_pos": 3
    },
    "t5_cola_ensemble": {
        "ensembles": [
            "t5-small-lm-adapt_cola",
            "t5-base-lm-adapt_cola",
            "t5-large-lm-adapt_cola",
            "t5-xl-lm-adapt_cola"
        ],
        "weights": [
            1.0,
            0.6,
            0.6,
            1.0
        ]
    }
}