{"distilgpt2_cola": {"threshold": 0.8940424069049265, "temperature": 1.2900351285934448, "energy": 0.1}, "gpt_neo_cola_ensemble": {"threshold": 0.0, "temperature": 0.9803388714790344, "energy": 1}}