{"latency": 78.52099999999999, "accuracy": 0.9153225806451613}