{"latency": 78.52099999999999, "accuracy": 0.9032258064516129}